Z,N,A,S,Th,uTh,mTh,E,uE,L
28,41,69,Ni,0.439,3,0.000001,148,,1578922.963
32,37,69,Ge,2.81,5,0.000001,397.95,2,246671.5945
33,37,70,As,96,3,0.000001,32.05,3,7220.283131
28,42,70,Ni,0.232,1,0.000001,183.11,2,2987703.364
34,37,71,Se,5.6,7,0.000001,48.78,5,123776.2822
29,42,71,Cu,0.271,14,0.000001,133,3,2557738.674
34,37,71,Se,19,5,0.000001,260.5,1,36481.43056
29,43,72,Cu,1.76,3,0.000001,51,,393833.6253
32,41,73,Ge,2.91,3,0.000001,13.2845,15,238194.9074
33,40,73,As,5.7,2,0.000001,360.86,2,121604.7685
33,40,73,As,5.7,2,0.000001,428.3,3,121604.7685
33,43,76,As,1.84,6,0.000001,44.425,1,376710.4242
37,39,76,Rb,3.05,7,0.000001,70.55,5,227261.3707
33,44,77,As,114,25,0.000001,211.03,4,6080.238426
33,44,77,As,114,25,0.000001,475.46,10,6080.238426
37,41,78,Rb,0.91,4,0.000001,46.8,2,761700.1984
30,48,78,Zn,0.32,1,0.000001,144.7,5,2166084.939
35,43,78,Br,119.4,10,0.000001,148.55,10,5805.252769
33,46,79,As,1.21,1,0.000001,542.27,7,572848.9096
39,41,80,Y,4.7,3,0.000001,84,,147478.1235
38,43,81,Sr,0.39,5,0.000001,79.23,4,1777300.463
35,46,81,Br,34.6,28,0.000001,260.21,9,20033.15551
31,51,82,Ga,94,9,0.000001,140.7,3,7373.906176
40,43,83,Zr,1.8,1,0.000001,24.3,5,385081.767
40,43,83,Zr,0.53,12,0.000001,52.7,5,1307824.869
35,48,83,Br,0.7,1,0.000001,303.4,4,990210.2579
36,48,84,Kr,1.83,4,0.000001,63.5,1,378768.9511
36,49,85,Kr,1.82,6,0.000001,60.2,2,380850.0992
37,48,85,Rb,1.015,1,0.000001,233,,682903.6262
37,48,85,Rb,1.015,1,0.000001,362.81,4,682903.6262
37,48,85,Rb,1.015,1,0.000001,514.0048,22,682903.6262
43,43,86,Tc,1.1,14,0.000001,81,,630133.8005
38,48,86,Sr,0.455,7,0.000001,98.68,3,1523400.397
40,48,88,Zr,1.337,25,0.000001,76.99,1,518434.69
35,53,88,Br,5.5,4,0.000001,110.9,5,126026.7601
42,48,90,Mo,1.14,5,0.000001,63.15,9,608023.8426
41,49,90,Nb,0.458,12,0.000001,71.1,2,1513421.792
41,49,90,Nb,63,2,0.000001,122.37,22,11002.3362
33,57,90,As,0.2,3,0.000001,124.5,5,3465735.903
41,49,90,Nb,0.458,12,0.000001,1067.3,2,1513421.792
41,50,91,Nb,3.76,12,0.000001,50.1,2,184347.6544
40,51,91,Zr,4.35,14,0.000001,879.2,3,159344.1794
45,47,92,Rh,0.232,15,0.000001,55.3,3,2987703.364
43,49,92,Tc,0.99,7,0.000001,56.34,2,700148.6672
34,58,92,Se,15.7,7,0.000001,67,,44149.50195
41,51,92,Nb,5.9,2,0.000001,90.37,9,117482.573
35,57,92,Br,0.089,-1,0.000001,106.3,5,7788170.568
35,57,92,Br,0.084,1,0.000001,778.8,5,8251752.15
35,57,92,Br,0.084,1,0.000001,898.3,5,8251752.15
35,57,92,Br,0.084,1,0.000001,1039.8,5,8251752.15
43,50,93,Tc,10.2,3,0.000001,0.31,2,67955.60594
43,50,93,Tc,10.2,3,0.000001,39.75,10,67955.60594
44,51,93,Ru,2.5,5,0.000001,146.3,10,277258.8722
34,59,93,Se,0.39,4,0.000001,208.3,5,1777300.463
34,59,93,Se,0.39,4,0.000001,469.9,5,1777300.463
43,50,93,Tc,10.2,3,0.000001,750.7,2,67955.60594
45,49,94,Rh,0.48,3,0.000001,54.6,2,1444056.626
35,59,94,Br,0.53,15,0.000001,92.1,5,1307824.869
46,48,94,Pd,0.509,7,0.000001,95.6,2,1361782.28
44,50,94,Ru,68,4,0.000001,146.1,2,10193.34089
44,50,94,Ru,102,17,0.000001,146.1,2,6795.560594
35,59,94,Br,0.53,15,0.000001,179,5,1307824.869
34,60,94,Se,0.68,5,0.000001,495.4,3,1019334.089
39,55,94,Y,1.3,1,0.000001,769.9,,533190.1389
39,55,94,Y,1.3,1,0.000001,1202.4,,533190.1389
36,59,95,Kr,1.579,22,0.000001,81.7,2,438978.5817
39,56,95,Y,48.6,5,0.000001,260.7,,14262.28767
39,56,95,Y,48.6,5,0.000001,401.8,,14262.28767
35,60,95,Br,6.7,2,0.000001,537.9,,103454.8031
37,59,96,Rb,1.77,6,0.000001,40,1,391608.5766
47,49,96,Ag,1.56,2,0.000001,43.7,2,444325.1157
47,49,96,Ag,0.136,20,0.000001,98,3,5096670.445
46,50,96,Pd,1.811,14,0.000001,106.37,17,382742.7833
35,61,96,Br,2.7,4,0.000001,311.5,5,256721.178
47,49,96,Ag,103,5,0.000001,485.7,3,6729.584277
47,49,96,Ag,103,5,0.000001,742.7,2,6729.584277
47,49,96,Ag,0.136,20,0.000001,4265,2,5096670.445
37,60,97,Rb,5.7,6,0.000001,76.6,2,121604.7685
37,61,98,Rb,0.358,7,0.000001,54.5,,1936165.309
48,50,98,Cd,0.223,5,0.000001,49.2,2,3108283.321
39,59,98,Y,6.9,5,0.000001,49.9,2,100456.1131
39,59,98,Y,0.62,1,0.000001,51.5,1,1117979.323
40,58,98,Zr,1.9,2,0.000001,63,1,364814.3056
47,51,98,Ag,0.161,7,0.000001,107.28,10,4305261.991
39,59,98,Y,0.78,3,0.000001,110.8,1,888650.2315
39,59,98,Y,6.9,5,0.000001,121.1,1,100456.1131
48,50,98,Cd,0.154,16,0.000001,147.2,1,4500955.718
39,59,98,Y,0.62,1,0.000001,170.8,1,1117979.323
37,61,98,Rb,0.358,7,0.000001,178.3,5,1936165.309
39,59,98,Y,0.45,15,0.000001,313.9,1,1540327.068
39,59,98,Y,6.9,5,0.000001,325.2,2,100456.1131
48,50,98,Cd,0.223,5,0.000001,4207,2,3108283.321
39,60,99,Y,8,5,0.000001,27.7,4,86643.39757
42,57,99,Mo,15.5,2,0.000001,97.785,3,44719.17294
39,60,99,Y,8,5,0.000001,272.9,10,86643.39757
39,60,99,Y,8,5,0.000001,546.2,3,86643.39757
39,60,99,Y,8,5,0.000001,882.5,3,86643.39757
39,60,99,Y,8,5,0.000001,1166,4,86643.39757
39,60,99,Y,8,5,0.000001,1435.5,4,86643.39757
41,59,100,Nb,12.4,3,0.000001,28,,55898.96617
43,57,100,Tc,8.32,14,0.000001,28.52,2,83310.9592
41,59,100,Nb,0.46,6,0.000001,34.3,,1506841.697
43,57,100,Tc,3.2,2,0.000001,43.2862,10,216608.4939
38,62,100,Sr,0.122,9,0.000001,58.3,2,5681534.267
38,62,100,Sr,0.122,9,0.000001,118,2,5681534.267
38,62,100,Sr,0.122,9,0.000001,204.4,3,5681534.267
38,62,100,Sr,0.122,9,0.000001,1201.7,2,5681534.267
43,58,101,Tc,636,8,0.000001,191.92,2,1089.854057
44,57,101,Ru,17.5,4,0.000001,220.7,1,39608.41032
43,61,104,Tc,0.4,2,0.000001,36.3,2,1732867.951
43,61,104,Tc,3.5,3,0.000001,69.7,2,198042.0516
48,57,105,Cd,4.5,5,0.000001,126.46,19,154032.7068
46,59,105,Pd,36.1,4,0.000001,182.89,4,19200.75292
41,65,106,Nb,0.82,6,0.000001,204.8,1,845301.4397
43,64,107,Tc,3.85,5,0.000001,30.1,1,180038.2287
46,61,107,Pd,0.85,10,0.000001,115.65,20,815467.2712
41,67,108,Nb,0.109,2,0.000001,89,5,6359148.446
41,67,108,Nb,0.109,2,0.000001,102.2,5,6359148.446
40,68,108,Zr,0.536,1,0.000001,277.9,5,1293185.038
40,68,108,Zr,0.536,1,0.000001,432.3,5,1293185.038
48,61,109,Cd,11.8,18,0.000001,59.6,2,58741.28649
42,67,109,Mo,0.194,27,0.000001,69.7,5,3572923.611
44,65,109,Ru,0.68,3,0.000001,96.2,2,1019334.089
45,64,109,Rh,1.66,4,0.000001,225.98,3,417558.5425
48,61,109,Cd,10.6,6,0.000001,259.7,1,65391.24345
50,61,111,Sn,12.5,10,0.000001,100.24,3,55451.77444
49,63,112,In,0.69,5,0.000001,187.93,3,1004561.131
49,63,112,In,2.81,3,0.000001,263.01,3,246671.5945
43,70,113,Tc,0.526,1,0.000001,114.4,5,1317770.305
54,59,113,Xe,6.9,3,0.000001,277.6,11,100456.1131
51,63,114,Sb,219,12,0.000001,321.6,,3165.055619
50,65,115,Sn,159,1,0.000001,100.7,21,4359.41623
50,65,115,Sn,3.26,8,0.000001,115.46,4,212621.8345
52,63,115,Te,7.5,2,0.000001,280.1,2,92419.62407
53,63,116,I,3.27,,0.000001,44.3,3,211971.6149
51,66,117,Sb,355,17,0.000001,58.1,1,1952.527269
44,73,117,Ru,2.487,3,0.000001,82.5,5?,278708.1546
44,73,117,Ru,2.487,3,0.000001,127.4,5,278708.1546
44,73,117,Ru,2.487,3,0.000001,184.6,5,278708.1546
50,67,117,Sn,1.75,7,0.000001,781,3,396084.1032
50,67,117,Sn,1.75,7,0.000001,813.4,3,396084.1032
47,71,118,Ag,0.1,,0.000001,45.8,1,6931471.806
51,67,118,Sb,20.6,6,0.000001,50.82,5,33647.92139
50,68,118,Sn,2.52,6,0.000001,55.9,2,275058.405
47,71,118,Ag,0.1,,0.000001,151.6,2,6931471.806
44,75,119,Ru,0.383,1,0.000001,90.8,5,1809783.761
50,69,119,Sn,0.039,3,0.000001,174.7,1,17773004.63
50,69,119,Sn,0.096,9,0.000001,241.7,2,7220283.131
50,69,119,Sn,9.6,12,0.000001,748,1,72202.83131
50,69,119,Sn,9.6,12,0.000001,818,1,72202.83131
45,75,120,Rh,0.294,1,0.000001,59.1,5?,2357643.471
50,70,120,Sn,6.26,11,0.000001,65.7,2,110726.3867
50,70,120,Sn,11.8,5,0.000001,197.37,2,58741.28649
46,75,121,Pd,0.46,-7,0.000001,135.5,5,1506841.697
53,68,121,I,9,14,0.000001,158.7,3,77016.3534
50,71,121,Sn,0.167,25,0.000001,175.4,2,4150581.92
50,71,121,Sn,0.52,5,0.000001,223.4,2,1332975.347
50,71,121,Sn,5.3,5,0.000001,752,,130782.4869
50,71,121,Sn,5.3,5,0.000001,841,,130782.4869
55,67,122,Cs,1,,0.000001,45.85,15,693147.1806
53,69,122,I,78.2,4,0.000001,51,3,8863.774687
51,71,122,Sb,1.86,8,0.000001,61.4127,5,372659.7745
45,77,122,Rh,0.82,2,0.000001,63.9,5?,845301.4397
53,69,122,I,79.1,12,0.000001,64.5,3,8762.922637
50,72,122,Sn,62,3,0.000001,75.2,5,11179.79323
50,72,122,Sn,7.5,9,0.000001,163.22,3,92419.62407
47,75,122,Ag,6.3,10,0.000001,91,,110023.362
50,73,123,Sn,7.4,26,0.000001,19,,93668.53791
49,74,123,In,1.4,2,0.000001,31.5,5,495105.129
56,67,123,Ba,0.83,6,0.000001,120.9,3,835117.085
51,72,123,Sb,65,1,0.000001,127.6,3,10663.80278
50,73,123,Sn,34,,0.000001,170,,20386.68178
50,73,123,Sn,6,,0.000001,208,,115524.5301
51,72,123,Sb,65,1,0.000001,375.7,,10663.80278
50,73,123,Sn,34,,0.000001,560,,20386.68178
50,73,123,Sn,7.4,26,0.000001,728,,93668.53791
50,73,123,Sn,7.4,26,0.000001,838,,93668.53791
54,69,123,Xe,5.7,3,0.000001,4.6,,121604.7685
51,73,124,Sb,3.2,3,0.000001,29.94,1,216608.4939
51,73,124,Sb,3.2,3,0.000001,40.8041,10,216608.4939
46,78,124,Pd,20,,0.000001,62.2,17,34657.35903
47,77,124,Ag,1.47,20,0.000001,75.5,5?,471528.6943
50,74,124,Sn,51,5,0.000001,78.2,5,13591.12119
50,74,124,Sn,0.27,6,0.000001,102.91,2,2567211.78
50,74,124,Sn,2.84,12,0.000001,120.38,3,244065.9086
47,77,124,Ag,0.14,5,0.000001,155.6,5?,4951051.29
50,74,124,Sn,0.27,6,0.000001,1072.88,2,2567211.78
54,71,125,Xe,0.14,3,0.000001,43.3,3,4951051.29
49,76,125,In,9.4,6,0.000001,56.3,,73739.06176
56,69,125,Ba,2.76,14,0.000001,67.6,5,251140.2828
47,78,125,Ag,0.491,20,0.000001,102.9,5,1411705.052
51,74,125,Sb,28.4,6,0.000001,140.9,3,24406.59086
50,75,125,Sn,0.23,2,0.000001,161.3,3,3013683.394
50,75,125,Sn,0.65,6,0.000001,166.8,2,1066380.278
54,71,125,Xe,0.14,3,0.000001,183.8,2,4951051.29
48,77,125,Cd,19,3,0.000001,742.2,5,36481.43056
47,78,125,Ag,0.491,20,0.000001,786.9,5,1411705.052
50,75,125,Sn,6.2,2,0.000001,805.5,2,111797.9323
51,74,125,Sb,4.1,2,0.000001,881.8,3,169060.2879
51,74,125,Sb,4.1,2,0.000001,904,3,169060.2879
50,75,125,Sn,6.2,2,0.000001,10,,111797.9323
55,71,126,Cs,1,,0.000001,31,,693147.1806
55,71,126,Cs,1,,0.000001,55,,693147.1806
50,76,126,Sn,6.1,8,0.000001,57.47,5,113630.6853
50,76,126,Sn,7.6,3,0.000001,76.3,5,91203.57639
46,80,126,Pd,0.44,3,0.000001,86.2,,1575334.501
55,71,126,Cs,171,14,0.000001,112,,4053.492284
55,71,126,Cs,171,14,0.000001,223,,4053.492284
49,77,126,In,22,2,0.000001,243.3,2,31506.69003
47,79,126,Ag,27,6,0.000001,254.8,5,25672.1178
46,80,126,Pd,0.33,4,0.000001,542.4,,2100446.002
46,80,126,Pd,0.33,4,0.000001,1330.2,,2100446.002
50,77,127,Sn,4.52,15,0.000001,16.52,11,153351.1461
58,69,127,Ce,10,,0.000001,29.56,5,69314.71806
49,78,127,In,9,2,0.000001,47,5,77016.3534
50,77,127,Sn,1.19,13,0.000001,104.3,6,582476.6223
50,77,127,Sn,0.25,3,0.000001,142,3,2772588.722
55,72,127,Cs,55,3,0.000001,179.3,20,12602.67601
55,72,127,Cs,55,3,0.000001,386.3,3,12602.67601
46,81,127,Pd,39,6,0.000001,422.4,1,17773.00463
50,77,127,Sn,4.52,15,0.000001,732.04,11,153351.1461
48,79,127,Cd,17.5,3,0.000001,738.8,2,39608.41032
51,76,127,Sb,11.7,1,0.000001,805.9,4,59243.34877
51,76,127,Sb,11.7,1,0.000001,824.7,4,59243.34877
48,79,127,Cd,17.5,3,0.000001,848.9,2,39608.41032
53,75,128,I,0.845,20,0.000001,4.24,5,820292.5214
53,75,128,I,0.845,20,0.000001,52.378,5,820292.5214
48,80,128,Cd,3.56,6,0.000001,68.7,1,194704.2642
46,82,128,Pd,5.8,8,0.000001,75.1,,119508.1346
50,78,128,Sn,2.91,15,0.000001,79.28,15,238194.9074
49,79,128,In,23,2,0.000001,247.92,10,30136.83394
50,79,129,Sn,3.4,13,0.000001,19.7,10,203866.8178
50,79,129,Sn,2.22,14,0.000001,41,2,312228.4597
51,78,129,Sb,0.91,6,0.000001,98.6,2,761700.1984
55,74,129,Cs,0.718,21,0.000001,149.1,3,965386.0453
49,80,129,In,10.9,1,0.000001,333.8,2,63591.48446
55,74,129,Cs,0.718,21,0.000001,366.1,2?,965386.0453
55,74,129,Cs,0.718,21,0.000001,386.6,3,965386.0453
55,74,129,Cs,0.718,21,0.000001,569.2,3,965386.0453
51,78,129,Sb,2.2,2,0.000001,699.64,6,315066.9003
51,78,129,Sb,2.2,2,0.000001,732.48,5,315066.9003
55,74,129,Cs,0.718,21,0.000001,354.8,,965386.0453
52,78,130,Te,1.9,8,0.000001,17.9,,364814.3056
51,79,130,Sb,1.25,1,0.000001,36.5,,554517.7444
51,79,130,Sb,0.8,1,0.000001,84.7,,866433.9757
50,80,130,Sn,1.502,17,0.000001,96.54,5,461482.81
57,73,130,La,0.76,9,0.000001,103.6,2,912035.7639
48,82,130,Cd,0.248,2,0.000001,138,5,2794948.309
51,79,130,Sb,0.6,15,0.000001,365.2,,1155245.301
49,81,130,In,4.3,6,0.000001,388.4,2,161197.0187
53,78,131,I,24,1,0.000001,33,,28881.13252
51,80,131,Sb,4.3,8,0.000001,11.2,,161197.0187
51,80,131,Sb,0.97,3,0.000001,96.4,,714584.7222
57,74,131,La,170,7,0.000001,108.9,3,4077.336356
53,78,131,I,24,1,0.000001,122,,28881.13252
51,80,131,Sb,64,3,0.000001,447.4,,10830.4247
51,80,131,Sb,64,3,0.000001,450.03,5,10830.4247
49,82,131,In,0.685,3,0.000001,3783.6,5,1011893.694
51,80,131,Sb,64,3,0.000001,1676,,10830.4247
52,80,132,Te,3.62,9,0.000001,22,1,191477.1217
59,73,132,Pr,2.46,4,0.000001,101.9,1,281767.1466
50,82,132,Sn,2.08,17,0.000001,132.5,,333243.8368
52,80,132,Te,28.5,9,0.000001,150.672,10,24320.9537
52,80,132,Te,3.62,9,0.000001,798,,191477.1217
54,80,134,Xe,5,1,0.000001,28,1,138629.4361
61,73,134,Pm,20,1,0.000001,70.7,-2,34657.35903
56,78,134,Ba,2.61,14,0.000001,121.3,3,265573.6324
52,83,135,Te,0.511,20,0.000001,50,1,1356452.408
59,76,135,Pr,105,10,0.000001,112.6,5,6601.40172
59,76,135,Pr,105,10,0.000001,316.6,1,6601.40172
61,75,136,Pm,1.5,1,0.000001,42.7,2,462098.1204
58,78,136,Ce,2,1,0.000001,105.7,5,346573.5903
54,82,136,Xe,2.92,3,0.000001,197.316,7,237379.1714
62,74,136,Sm,5,1,0.000001,465.9,,138629.4361
59,78,137,Pr,2.66,7,0.000001,331.3,2,260581.6468
59,78,137,Pr,2.66,7,0.000001,563.4,2,260581.6468
56,82,138,Ba,0.85,10,0.000001,191.95,2,815467.2712
64,74,138,Gd,6.2,2,0.000001,583.2,,111797.9323
57,81,138,La,2,3,0.000001,738.8,2,346573.5903
53,85,138,I,1.07,12,0.000001,67.9,,647801.1033
63,76,139,Eu,10,2,0.000001,26.7,2,69314.71806
58,82,140,Ce,7.3,15,0.000001,24.595,4,94951.66857
60,80,140,Nd,1.22,7,0.000001,36.8,,568153.4267
59,81,140,Pr,0.35,2,0.000001,98.5,3,1980420.516
60,80,140,Nd,1.22,7,0.000001,227.5,2,568153.4267
66,74,140,Dy,7,5,0.000001,573.8,2?,99021.02579
59,81,140,Pr,3.05,20,0.000001,635.9,3,227261.3707
60,80,140,Nd,1.22,7,0.000001,1028,5,568153.4267
61,80,141,Pm,2,,0.000001,44,2?,346573.5903
61,80,141,Pm,0.63,2,0.000001,431.6,1,1100233.62
61,80,141,Pm,0.63,2,0.000001,628.6,1,1100233.62
61,80,141,Pm,2,,0.000001,639,1,346573.5903
61,80,141,Pm,2,,0.000001,1020.3,3,346573.5903
65,77,142,Tb,26,1,0.000001,37.2,3,26659.50694
57,85,142,La,0.87,17,0.000001,68.3,1,796720.8972
60,82,142,Nd,18.6,37,0.000001,108.52,2,37265.97745
65,77,142,Tb,26,1,0.000001,340.1,6,26659.50694
61,81,142,Pm,67,5,0.000001,638.6,3,10345.48031
61,81,142,Pm,67,5,0.000001,1019.4,,10345.48031
66,77,143,Dy,1.2,3,0.000001,86,,577622.6505
66,77,143,Dy,1.2,3,0.000001,95,,577622.6505
63,80,143,Eu,50,5,0.000001,117.57,5,13862.94361
63,80,143,Eu,50,5,0.000001,389.47,5,13862.94361
63,81,144,Eu,1,1,0.000001,7.5,,693147.1806
65,79,144,Tb,0.67,6,0.000001,40.8,2,1034548.031
55,89,144,Cs,1.1,1,0.000001,49.4,,630133.8005
65,79,144,Tb,2.8,3,0.000001,79.3,2,247552.5645
61,83,144,Pm,2.7,,0.000001,85.5,,256721.178
63,81,144,Eu,1,1,0.000001,201.6,5,693147.1806
61,83,144,Pm,0.78,20,0.000001,326.55,5,888650.2315
61,83,144,Pm,0.78,20,0.000001,608.7,,888650.2315
61,83,144,Pm,0.78,20,0.000001,669.15,8,888650.2315
62,83,145,Sm,3.52,16,0.000001,743,,196916.8127
62,83,145,Sm,3.52,16,0.000001,236,,196916.8127
62,83,145,Sm,3.52,16,0.000001,30.2,8,196916.8127
63,83,146,Eu,235,3,0.000001,18.8,,2949.56247
63,83,146,Eu,235,3,0.000001,293.72,9,2949.56247
63,83,146,Eu,235,3,0.000001,377,9,2949.56247
66,81,147,Dy,0.4,1,0.000001,81.9,1,1732867.951
63,84,147,Eu,0.765,15,0.000001,396,10,906074.7458
63,84,147,Eu,0.765,15,0.000001,625.18,10,906074.7458
68,80,148,Er,13,3,0.000001,131.2,2,53319.01389
65,83,148,Tb,1.31,7,0.000001,280.6,,529119.9852
65,83,148,Tb,1.31,7,0.000001,784.8,,529119.9852
65,83,148,Tb,1.31,7,0.000001,857.7,,529119.9852
68,81,149,Er,4.8,1,0.000001,55.1,3,144405.6626
68,81,149,Er,0.61,8,0.000001,68.9,1,1136306.853
68,81,149,Er,0.61,8,0.000001,132.3,1,1136306.853
61,88,149,Pm,35,3,0.000001,240.22,7,19804.20516
63,86,149,Eu,2.45,5,0.000001,346.651,3,282917.2166
63,86,149,Eu,2.45,5,0.000001,496.383,2,282917.2166
68,82,150,Er,2.55,10,0.000001,63.2,3,271822.4237
59,92,151,Pr,50,8,0.000001,35.1,1,13862.94361
70,81,151,Yb,20,1,0.000001,57,2,34657.35903
62,89,151,Sm,1.4,1,0.000001,85.7,1,495105.129
62,89,151,Sm,1.4,1,0.000001,113.21,5,495105.129
69,82,151,Tm,0.451,34,0.000001,140.4,1,1536911.709
62,89,151,Sm,1.4,1,0.000001,169.57,7,495105.129
63,88,151,Eu,58.9,5,0.000001,174.7,1,11768.20341
62,89,151,Sm,1.4,1,0.000001,195.26,5,495105.129
63,88,151,Eu,58.9,5,0.000001,196,,11768.20341
68,83,151,Er,0.42,5,0.000001,894.6,,1650350.43
59,93,152,Pr,4.2,2,0.000001,17,4,165035.043
63,89,152,Eu,0.94,8,0.000001,19.695,7,737390.6176
70,82,152,Yb,30,1,0.000001,54.6,10,23104.90602
65,87,152,Tb,0.96,,0.000001,58.9,2,722028.3131
65,87,152,Tb,0.96,,0.000001,65,3,722028.3131
63,89,152,Eu,0.94,8,0.000001,65.2965,5,737390.6176
65,87,152,Tb,0.96,,0.000001,106.6,3,722028.3131
59,93,152,Pr,4.2,2,0.000001,115.1,,165035.043
67,85,152,Ho,8.4,3,0.000001,734.1,1,82517.5215
71,82,153,Lu,0.1,,0.000001,21,,6931471.806
64,89,153,Gd,76,14,0.000001,2.8,,9120.357639
64,89,153,Gd,3.5,4,0.000001,53.6,2?,198042.0516
60,93,153,Nd,1.1,5,0.000001,55.61,1,630133.8005
60,93,153,Nd,1.1,5,0.000001,71.5,2,630133.8005
64,89,153,Gd,76,14,0.000001,76.015,4,9120.357639
64,89,153,Gd,76,14,0.000001,77.9,,9120.357639
65,88,153,Tb,186,4,0.000001,82.464,4,3726.597745
60,93,153,Nd,1.1,5,0.000001,92.03,1,630133.8005
60,93,153,Nd,1.1,5,0.000001,129.36,1,630133.8005
71,82,153,Lu,15,3,0.000001,130.4,2,46209.81204
60,93,153,Nd,1.1,5,0.000001,141.8,2,630133.8005
60,93,153,Nd,1.1,5,0.000001,147.06,1,630133.8005
60,93,153,Nd,1.1,5,0.000001,175.37,11,630133.8005
60,93,153,Nd,1.1,5,0.000001,182.9,8,630133.8005
60,93,153,Nd,1.1,5,0.000001,191.7,2,630133.8005
71,82,153,Lu,0.1,,0.000001,291,3,6931471.806
71,82,153,Lu,0.1,,0.000001,355.4,3,6931471.806
63,91,154,Eu,2.2,1,0.000001,68.1711,5,315066.9003
71,83,154,Lu,35,3,0.000001,130.4,3,19804.20516
60,94,154,Nd,3.2,3,0.000001,134.8,3,216608.4939
60,94,154,Nd,3.2,3,0.000001,169.8,3,216608.4939
60,94,154,Nd,3.2,3,0.000001,270.3,3,216608.4939
60,94,154,Nd,3.2,3,0.000001,295.3,3,216608.4939
66,89,155,Dy,6,1,0.000001,9.1,1,115524.5301
62,93,155,Sm,2.8,5,0.000001,16.547,10,247552.5645
66,89,155,Dy,6,1,0.000001,79.72,5,115524.5301
66,89,155,Dy,6,1,0.000001,102.16,3,115524.5301
66,89,155,Dy,6,1,0.000001,147.63,6,115524.5301
62,93,155,Sm,1,8,0.000001,179.2,2,693147.1806
62,93,155,Sm,1,8,0.000001,287.5,2,693147.1806
62,93,155,Sm,1,8,0.000001,385.6,2,693147.1806
64,92,156,Gd,1.3,1,0.000001,228.35,4,533190.1389
64,92,156,Gd,1.3,1,0.000001,383.93,6,533190.1389
60,96,156,Nd,0.36,15,0.000001,970.6,2,1925408.835
60,96,156,Nd,0.36,15,0.000001,1209,2,1925408.835
64,93,157,Gd,0.46,4,0.000001,9.365,12,1506841.697
66,91,157,Dy,1.3,2,0.000001,14.23,5,533190.1389
64,93,157,Gd,0.46,4,0.000001,63.929,8,1506841.697
64,93,157,Gd,18.5,23,0.000001,199,,37467.41517
64,93,157,Gd,18.5,23,0.000001,246.31,2,37467.41517
68,91,159,Er,0.337,14,0.000001,38.32,3,2056816.56
66,93,159,Dy,122,3,0.000001,113.3,2,5681.534267
66,93,159,Dy,122,3,0.000001,116.9,2,5681.534267
68,91,159,Er,0.59,6,0.000001,170.75,9,1174825.73
66,93,159,Dy,122,3,0.000001,218,1,5681.534267
68,91,159,Er,0.59,6,0.000001,247,,1174825.73
68,91,159,Er,0.59,6,0.000001,284.84,3,1174825.73
61,98,159,Pm,4.97,12,0.000001,330.2,,139466.2335
61,98,159,Pm,4.97,12,0.000001,644.4,,139466.2335
61,98,159,Pm,4.97,12,0.000001,841,,139466.2335
61,98,159,Pm,4.97,12,0.000001,999.6,,139466.2335
75,85,160,Re,2.8,1,0.000001,96,1,247552.5645
62,98,160,Sm,1.8,4,0.000001,432.1,4,385081.767
62,98,160,Sm,1.8,4,0.000001,641.1,3,385081.767
60,100,160,Nd,1.63,21,0.000001,892.8,5,425243.6691
68,93,161,Er,7.5,7,0.000001,99.76,4,92419.62407
68,93,161,Er,7.5,7,0.000001,128.9,7,92419.62407
68,93,161,Er,7.5,7,0.000001,146.65,8,92419.62407
66,95,161,Dy,0.76,17,0.000001,165,1,912035.7639
72,89,161,Hf,4.8,2,0.000001,202.2,4),144405.6626
68,93,161,Er,7.5,7,0.000001,207.12,6,92419.62407
66,95,161,Dy,0.76,17,0.000001,217.8,1,912035.7639
68,93,161,Er,7.5,7,0.000001,252.5,10,92419.62407
66,95,161,Dy,0.76,17,0.000001,284.3,1,912035.7639
66,95,161,Dy,0.76,17,0.000001,301.4,1,912035.7639
66,95,161,Dy,0.76,17,0.000001,382.6,1,912035.7639
66,95,161,Dy,0.76,17,0.000001,385.3,1,912035.7639
61,100,161,Pm,0.79,4,0.000001,609.2,,877401.4944
61,100,161,Pm,0.79,4,0.000001,727.5,,877401.4944
62,99,161,Sm,2.6,4,0.000001,882.8,4,266595.0694
66,96,162,Dy,8.3,3,0.000001,146.4,1),83511.7085
66,96,162,Dy,8.3,3,0.000001,228.6,1),83511.7085
66,96,162,Dy,8.3,3,0.000001,248,1),83511.7085
66,96,162,Dy,8.3,3,0.000001,300.3,1),83511.7085
66,96,162,Dy,8.3,3,0.000001,341.8,1),83511.7085
66,96,162,Dy,8.3,3,0.000001,380.2,1),83511.7085
66,96,162,Dy,8.3,3,0.000001,435.4,1),83511.7085
66,96,162,Dy,8.3,3,0.000001,504.3,1),83511.7085
66,96,162,Dy,8.3,3,0.000001,550.3,1),83511.7085
62,100,162,Sm,1.78,7,0.000001,774.8,3),389408.5284
66,96,162,Dy,8.3,3,0.000001,1266.5,2),83511.7085
66,96,162,Dy,8.3,3,0.000001,1639.2,2),83511.7085
69,94,163,Tm,0.38,3,0.000001,63.62,3),1824071.528
68,95,163,Er,0.58,10,0.000001,125.8,,1195081.346
67,96,163,Ho,0.8,15,0.000001,183.3,1),866433.9757
68,95,163,Er,0.58,10,0.000001,198.5,,1195081.346
68,95,163,Er,0.58,10,0.000001,246.2,,1195081.346
68,95,163,Er,0.58,10,0.000001,255.8,,1195081.346
68,95,163,Er,0.58,10,0.000001,325.1,,1195081.346
67,96,163,Ho,0.8,15,0.000001,340.2,1),866433.9757
64,100,164,Gd,0.58,23,0.000001,60.2,,1195081.346
62,102,164,Sm,0.6,14,0.000001,349.4,2),1155245.301
64,100,164,Gd,0.58,23,0.000001,854.7,5),1195081.346
69,96,165,Tm,9,5,0.000001,30.8,10),77016.3534
69,96,165,Tm,80,3,0.000001,68.86,5),8664.339757
65,100,165,Tb,0.81,8,0.000001,76,2),855737.26
69,96,165,Tm,9,5,0.000001,80.11,2),77016.3534
65,100,165,Tb,0.81,8,0.000001,152,2),855737.26
67,98,165,Ho,1.512,4,0.000001,266.8,15),458430.675
68,97,165,Er,0.25,3,0.000001,314.8,,2772588.722
68,97,165,Er,0.37,4,0.000001,317,1),1873370.758
67,98,165,Ho,1.512,4,0.000001,361.68,2),458430.675
68,97,165,Er,0.25,3,0.000001,375,,2772588.722
68,97,165,Er,0.25,3,0.000001,383.7,,2772588.722
68,97,165,Er,0.25,3,0.000001,473.7,,2772588.722
68,97,165,Er,0.37,4,0.000001,1050.6,1),1873370.758
68,97,165,Er,0.37,4,0.000001,1144.6,1),1873370.758
67,99,166,Ho,185,15,0.000001,10.43,2),3746.741517
67,99,166,Ho,185,15,0.000001,19.84,6),3746.741517
65,101,166,Tb,3.5,4,0.000001,119,1),198042.0516
67,99,166,Ho,185,15,0.000001,136.662,2),3746.741517
69,98,167,Tm,0.9,1,0.000001,6.93,4),770163.534
69,98,167,Tm,1.16,6,0.000001,37.05,2),597540.6729
69,98,167,Tm,1.16,6,0.000001,62.91,1),597540.6729
65,102,167,Tb,2.1,1,0.000001,73,4),330070.086
69,98,167,Tm,0.9,1,0.000001,105.19,2),770163.534
69,98,167,Tm,0.9,1,0.000001,113.34,1),770163.534
65,102,167,Tb,2.1,1,0.000001,147,4),330070.086
69,98,167,Tm,0.9,1,0.000001,150.4,3),770163.534
69,98,167,Tm,1.16,6,0.000001,169.04,3),597540.6729
69,98,167,Tm,0.9,1,0.000001,176.25,2),770163.534
67,100,167,Ho,6,10,0.000001,259.33,13),115524.5301
65,103,168,Tb,0.69,3,0.000001,114,1),1004561.131
67,101,168,Ho,4,,0.000001,143.5,2),173286.7951
66,102,168,Dy,0.57,7,0.000001,151.7,3),1216047.685
66,103,169,Dy,1.26,17,0.000001,166.1,,550116.81
67,102,169,Ho,118,6,0.000001,483.6,,5874.128649
67,102,169,Ho,118,6,0.000001,685.4,,5874.128649
67,102,169,Ho,118,6,0.000001,867.3,,5874.128649
69,101,170,Tm,4.12,13,0.000001,68.6491,4),168239.6069
69,101,170,Tm,4.12,13,0.000001,144.4797,5),168239.6069
69,102,171,Tm,1.7,2,0.000001,219.2,1),407733.6356
69,102,171,Tm,2.6,2,0.000001,295.901,12),266595.0694
69,102,171,Tm,2.6,2,0.000001,308.2996,16),266595.0694
69,102,171,Tm,2.6,2,0.000001,419.9,3),266595.0694
69,102,171,Tm,2.6,2,0.000001,424.9,5),266595.0694
69,102,171,Tm,1.7,2,0.000001,428,1),407733.6356
69,102,171,Tm,1.7,2,0.000001,558.1,3),407733.6356
71,101,172,Lu,0.332,20,0.000001,23.9331,2),2087792.713
69,103,172,Tm,132,7,0.000001,34.6,3),5251.115004
71,101,172,Lu,440,12,0.000001,67.35,10),1575.334501
69,103,172,Tm,132,7,0.000001,101.8,1),5251.115004
68,104,172,Er,0.57,6,0.000001,133.6,2),1216047.685
70,102,172,Yb,3.6,1,0.000001,174.7,10),192540.8835
70,102,172,Yb,3.6,1,0.000001,197.6,3),192540.8835
69,103,172,Tm,132,7,0.000001,226.3,2),5251.115004
68,104,172,Er,0.57,6,0.000001,249.6,2),1216047.685
68,104,172,Er,0.57,6,0.000001,369.7,2),1216047.685
68,104,172,Er,0.57,6,0.000001,970.5,2),1216047.685
70,102,172,Yb,3.6,1,0.000001,1010.45,6),192540.8835
71,102,173,Lu,74.2,10,0.000001,123.672,13),9341.606207
69,104,173,Tm,10.4,21,0.000001,192.8,2),66648.76736
69,104,173,Tm,10.4,21,0.000001,199.2,2),66648.76736
69,104,173,Tm,10.4,21,0.000001,315.2,,66648.76736
70,103,173,Yb,2.9,1,0.000001,398.9,6),239016.2692
72,102,174,Hf,3.7,2,0.000001,10.3,10),187337.0758
72,102,174,Hf,3.7,2,0.000001,11.87,25),187337.0758
72,102,174,Hf,3.7,2,0.000001,15.7,7),187337.0758
72,102,174,Hf,3.7,2,0.000001,31.9,5),187337.0758
69,105,174,Tm,106.1,69,0.000001,37,1),6532.961174
69,105,174,Tm,106.1,69,0.000001,39,1),6532.961174
72,102,174,Hf,3.7,2,0.000001,42.69,14),187337.0758
72,102,174,Hf,3.7,2,0.000001,54,5),187337.0758
72,102,174,Hf,2.39,4,0.000001,60.18,13),290019.7408
72,102,174,Hf,3.7,2,0.000001,82,3),187337.0758
72,102,174,Hf,3.7,2,0.000001,132.4,14),187337.0758
69,105,174,Tm,106.1,69,0.000001,145,1),6532.961174
72,102,174,Hf,3.7,2,0.000001,155.09,16),187337.0758
69,105,174,Tm,106.1,69,0.000001,168.1,3),6532.961174
75,99,174,Re,1,,0.000001,177.7,1),693147.1806
72,102,174,Hf,3.7,2,0.000001,194.8,12),187337.0758
72,102,174,Hf,3.7,2,0.000001,221.97,22),187337.0758
72,102,174,Hf,2.39,4,0.000001,248.3,5),290019.7408
69,105,174,Tm,106.1,69,0.000001,298.3,2),6532.961174
72,102,174,Hf,3.7,2,0.000001,318.8,3),187337.0758
72,102,174,Hf,3.7,2,0.000001,328.36,5),187337.0758
72,102,174,Hf,3.7,2,0.000001,339.7,5),187337.0758
72,102,174,Hf,3.7,2,0.000001,379.38,12),187337.0758
69,105,174,Tm,106.1,69,0.000001,397.7,3),6532.961174
69,105,174,Tm,106.1,69,0.000001,401.3,2),6532.961174
69,105,174,Tm,106.1,69,0.000001,440,5),6532.961174
72,102,174,Hf,3.7,2,0.000001,457.7,14),187337.0758
72,102,174,Hf,3.7,2,0.000001,539.3,6),187337.0758
72,102,174,Hf,3.7,2,0.000001,627.22,14),187337.0758
70,104,174,Yb,830,40,0.000001,628.37,4),835.117085
69,105,174,Tm,106.1,69,0.000001,637.1,4),6532.961174
72,102,174,Hf,3.7,2,0.000001,714.2,3),187337.0758
72,102,174,Hf,2.39,4,0.000001,788,12),290019.7408
72,102,174,Hf,3.7,2,0.000001,822.7,15),187337.0758
70,104,174,Yb,830,40,0.000001,992.128,13),835.117085
70,104,174,Yb,830,40,0.000001,1265.18,10),835.117085
72,102,174,Hf,3.7,2,0.000001,1291.32,24),187337.0758
77,98,175,Ir,6.58,15,0.000001,45.2,,105341.5168
72,103,175,Hf,1.21,15,0.000001,74.5,8),572848.9096
72,103,175,Hf,1.21,15,0.000001,82.7,4),572848.9096
69,106,175,Tm,21,14,0.000001,108.3,1),33007.0086
73,102,175,Ta,0.17,2,0.000001,121.16,,4077336.356
72,103,175,Hf,53.7,15,0.000001,125.9,2),12907.76873
72,103,175,Hf,2.8,,0.000001,131,,247552.5645
73,102,175,Ta,0.17,2,0.000001,270.25,,4077336.356
72,103,175,Hf,2.8,,0.000001,291,,247552.5645
69,106,175,Tm,21,14,0.000001,321.7,2),33007.0086
71,104,175,Lu,1.49,7,0.000001,353.3,2),465199.45
72,103,175,Hf,1.1,8,0.000001,357.4,20),630133.8005
71,104,175,Lu,984,30,0.000001,368,,704.4178664
72,103,175,Hf,1.21,15,0.000001,381.3,4),572848.9096
80,95,175,Hg,0.34,3,0.000001,414,,2038668.178
72,103,175,Hf,2.8,,0.000001,479,,247552.5645
69,106,175,Tm,21,14,0.000001,513,1),33007.0086
72,103,175,Hf,1.1,8,0.000001,536.42,19),630133.8005
71,104,175,Lu,984,30,0.000001,592,,704.4178664
72,103,175,Hf,1.1,8,0.000001,614.8,3),630133.8005
72,103,175,Hf,1.1,8,0.000001,722.23,3),630133.8005
71,104,175,Lu,984,30,0.000001,797,,704.4178664
72,103,175,Hf,1.1,8,0.000001,867.16,8),630133.8005
72,104,176,Hf,45,13,0.000001,37,,15403.27068
72,104,176,Hf,401,6,0.000001,38.7,,1728.546585
72,104,176,Hf,9.9,2,0.000001,53.49,7),70014.86672
71,105,176,Lu,40,3,0.000001,73,,17328.67951
72,104,176,Hf,45,13,0.000001,97.1,,15403.27068
71,105,176,Lu,40,3,0.000001,190,,17328.67951
72,104,176,Hf,9.9,2,0.000001,226.25,6),70014.86672
72,104,176,Hf,401,6,0.000001,227.9,,1728.546585
72,104,176,Hf,401,6,0.000001,302.2,,1728.546585
73,103,176,Ta,3.8,4,0.000001,393.6,6),182407.1528
73,103,176,Ta,3.8,4,0.000001,618.4,6),182407.1528
72,104,176,Hf,9.6,3,0.000001,736.2,7),72202.83131
72,104,176,Hf,9.6,3,0.000001,1043,1),72202.83131
73,104,177,Ta,3.62,10,0.000001,13.9,9),191477.1217
73,104,177,Ta,5.3,20,0.000001,53,1),130782.4869
75,102,177,Re,50,10,0.000001,84.7,1),13862.94361
73,104,177,Ta,133,4,0.000001,86.1,3),5211.632937
71,106,177,Lu,155,7,0.000001,111.715,1),4471.917294
73,104,177,Ta,3.62,10,0.000001,113,1),191477.1217
73,104,177,Ta,3.62,10,0.000001,115.65,5),191477.1217
78,99,177,Pt,2.35,4,0.000001,147.4,4),294956.247
73,104,177,Ta,3.62,10,0.000001,186.2,2),191477.1217
71,106,177,Lu,6,2,0.000001,226.7,5),115524.5301
80,97,177,Hg,1.5,15,0.000001,246,,462098.1204
73,104,177,Ta,5.3,20,0.000001,311.3,3),130782.4869
71,106,177,Lu,6,2,0.000001,402.2,5),115524.5301
72,105,177,Hf,55.9,12,0.000001,548,,12399.77067
73,104,177,Ta,5.3,20,0.000001,549.9,3),130782.4869
71,106,177,Lu,155,7,0.000001,569.68,9),4471.917294
71,106,177,Lu,6,2,0.000001,618.7,5),115524.5301
71,106,177,Lu,6,2,0.000001,758.8,5),115524.5301
72,106,178,Hf,68,2,0.000001,126.1,3),10193.34089
72,106,178,Hf,68,2,0.000001,140.3,,10193.34089
72,106,178,Hf,68,2,0.000001,437,,10193.34089
73,106,179,Ta,1.42,8,0.000001,30.7,1),488131.8173
76,103,179,Os,0.5,,0.000001,45.2,1),1386294.361
75,104,179,Re,95,25,0.000001,65.35,9),7296.286111
73,106,179,Ta,1.6,4,0.000001,75.3,3),433216.9878
76,103,179,Os,0.783,14,0.000001,97.5,1),885245.4413
80,99,179,Hg,6.4,9,0.000001,110.8,3),108304.247
73,106,179,Ta,0.28,8,0.000001,281.69,16),2475525.645
72,107,179,Hf,15,5,0.000001,336,,46209.81204
75,105,180,Re,9,7,0.000001,62.9,,77016.3534
75,105,180,Re,9,7,0.000001,102.2,1),77016.3534
72,108,180,Hf,0.57,2,0.000001,113.66,2),1216047.685
73,107,180,Ta,31.2,1,0.000001,142.7,3),22216.25579
74,106,180,W,2.3,2,0.000001,222.3,3),301368.3394
72,108,180,Hf,0.94,11,0.000001,223.3,2),737390.6176
74,106,180,W,2.3,2,0.000001,298.4,,301368.3394
73,107,180,Ta,2,5,0.000001,369.8,,346573.5903
73,107,180,Ta,31.2,1,0.000001,431.6,2),22216.25579
75,105,180,Re,9,7,0.000001,456.8,6),77016.3534
74,106,180,W,2.3,2,0.000001,528,3),301368.3394
72,108,180,Hf,0.94,11,0.000001,539.5,3),737390.6176
74,106,180,W,2.3,2,0.000001,813.4,3),301368.3394
72,108,180,Hf,0.94,11,0.000001,832.4,15),737390.6176
72,108,180,Hf,0.57,2,0.000001,1065.77,5),1216047.685
72,108,180,Hf,0.94,11,0.000001,1101.1,7),737390.6176
72,108,180,Hf,0.57,2,0.000001,1281.7,2),1216047.685
73,108,181,Ta,6.05,12,0.000001,6.24,20),114569.7819
72,109,181,Hf,100,,0.000001,115.3,,6931.471806
72,109,181,Hf,80,5,0.000001,129.36,4),8664.339757
73,108,181,Ta,210,20,0.000001,130,,3300.70086
73,108,181,Ta,18.5,4,0.000001,133.027,18),37467.41517
72,109,181,Hf,80,5,0.000001,154.56,3),8664.339757
73,108,181,Ta,25,2,0.000001,177,,27725.88722
75,106,181,Re,11.5,9,0.000001,224.25,12),60273.66787
74,107,181,W,14.6,2,0.000001,252.2,3),47475.83428
72,109,181,Hf,100,,0.000001,284.9,,6931.471806
72,109,181,Hf,80,5,0.000001,291.39,1),8664.339757
73,108,181,Ta,210,20,0.000001,295,,3300.70086
75,106,181,Re,1.2,2,0.000001,356.6,1),577622.6505
74,107,181,W,14.6,2,0.000001,365.5,3),47475.83428
72,109,181,Hf,80,5,0.000001,391.19,12),8664.339757
73,108,181,Ta,25,2,0.000001,455.3,,27725.88722
73,108,181,Ta,18.5,4,0.000001,615.17,11),37467.41517
73,108,181,Ta,25,2,0.000001,710.6,,27725.88722
72,110,182,Hf,40,10,0.000001,264,,17328.67951
75,107,182,Re,0.78,9,0.000001,461.3,1),888650.2315
74,108,182,W,1.3,1,0.000001,518.5,1),533190.1389
74,108,182,W,1.3,1,0.000001,1086.5,1),533190.1389
79,104,183,Au,1,,0.000001,60.5,3),693147.1806
81,102,183,Tl,1.48,10,0.000001,69.3,5),468342.6896
81,102,183,Tl,1.48,10,0.000001,346.8,3),468342.6896
74,110,184,W,8.33,18,0.000001,63.689,14),83210.94605
74,110,184,W,8.33,18,0.000001,151.134,20),83210.94605
77,107,184,Ir,470,30,0.000001,154.8,1),1474.781235
77,107,184,Ir,470,30,0.000001,225.8,1),1474.781235
74,110,184,W,8.33,18,0.000001,381.82,14),83210.94605
74,110,184,W,8.33,18,0.000001,536.674,15),83210.94605
74,110,184,W,8.33,18,0.000001,920.933,21),83210.94605
74,110,184,W,8.33,18,0.000001,1173.77,3),83210.94605
76,109,185,Os,3,4,0.000001,64.9,,231049.0602
76,109,185,Os,0.78,5,0.000001,15.2,,888650.2315
76,109,185,Os,3,4,0.000001,4.9,,231049.0602
73,112,185,Ta,0.9,3,0.000001,406,,770163.534
80,106,186,Hg,82,5,0.000001,31.6,,8453.014397
74,112,186,W,18,1,0.000001,119,,38508.1767
74,112,186,W,18,1,0.000001,195,,38508.1767
80,106,186,Hg,82,5,0.000001,241.5,,8453.014397
80,106,186,Hg,82,5,0.000001,628.1,,8453.014397
74,112,186,W,18,1,0.000001,708,,38508.1767
74,113,187,W,1.38,7,0.000001,45.8,3),502280.5656
77,110,187,Ir,1.8,5,0.000001,109.8,,385081.767
78,109,187,Pt,311,15,0.000001,117.2,4),2228.769069
76,111,187,Os,231,2,0.000001,156.63,7),3000.637145
83,104,187,Bi,3.2,56,0.000001,252,,216608.4939
82,105,187,Pb,5.15,15,0.000001,307.9,1),134591.6855
81,106,187,Tl,0.69,4,0.000001,478.2,2),1004561.131
82,106,188,Pb,0.44,6,0.000001,217.8,3),1575334.501
73,115,188,Ta,3.5,4,0.000001,291.9,5),198042.0516
78,111,189,Pt,143,5,0.000001,18.7,9),4847.183081
75,114,189,Re,223,14,0.000001,78,,3108.283321
82,107,189,Pb,22.2,55,0.000001,193.9,3),31222.84597
82,107,189,Pb,22.2,55,0.000001,336.7,1),31222.84597
82,107,189,Pb,22.2,55,0.000001,609.3,3),31222.84597
77,113,190,Ir,2,,0.000001,36.155,25),346573.5903
82,108,190,Pb,7.2,6,0.000001,43.2,,96270.44174
74,116,190,W,166,6,0.000001,97,,4175.585425
83,107,190,Bi,1,+10â€“5,0.000001,274,5),693147.1806
82,108,190,Pb,7.2,6,0.000001,382,,96270.44174
82,108,190,Pb,7.2,6,0.000001,406.5,,96270.44174
78,113,191,Pt,95,5,0.000001,48.37,1),7296.286111
74,117,191,W,0.34,2,0.000001,67.5,5),2038668.178
78,113,191,Pt,1,,0.000001,91.11,2),693147.1806
75,116,191,Re,50.6,35,0.000001,93.8,,13698.56088
82,109,191,Pb,0.15,5,0.000001,106.85,15),4620981.204
75,116,191,Re,50.6,35,0.000001,115.9,,13698.56088
74,117,191,W,0.34,2,0.000001,167.4,5),2038668.178
82,110,192,Pb,1.09,4,0.000001,44,10),635914.8446
82,110,192,Pb,0.756,14,0.000001,120.6,,916861.3499
84,108,192,Po,0.58,10,0.000001,153.9,3),1195081.346
75,117,192,Re,85,10,0.000001,159.3,5),8154.672712
82,110,192,Pb,0.756,14,0.000001,162.5,3),916861.3499
82,110,192,Pb,0.756,14,0.000001,229,,916861.3499
82,110,192,Pb,0.756,14,0.000001,439.7,3),916861.3499
76,116,192,Os,0.19,10,0.000001,446,,3648143.056
84,108,192,Po,0.58,10,0.000001,733.1,4),1195081.346
83,110,193,Bi,3.02,8,0.000001,48.8,6),229518.934
83,110,193,Bi,85,3,0.000001,84,6),8154.672712
75,118,193,Re,69,8,0.000001,146.1,3),10045.61131
77,116,193,Ir,124.8,21,0.000001,226.7,5),5554.063947
77,116,193,Ir,124.8,21,0.000001,334.5,5),5554.063947
77,116,193,Ir,124.8,21,0.000001,385,5),5554.063947
84,110,194,Po,12.9,5,0.000001,33,,53732.33958
84,110,194,Po,12.9,5,0.000001,248,1),53732.33958
82,113,195,Pb,10,7,0.000001,5.1,,69314.71806
83,112,195,Bi,0.614,5,0.000001,46,6),1128904.203
83,112,195,Bi,1.49,10,0.000001,235.8,4),465199.45
83,112,195,Bi,1.6,1,0.000001,238,4),433216.9878
77,118,195,Ir,4.4,6,0.000001,268.4,5),157533.4501
83,112,195,Bi,1.49,10,0.000001,457.1,4),465199.45
82,113,195,Pb,10,7,0.000001,586.5,2),69314.71806
85,111,196,At,11,2,0.000001,157.9,1),63013.38005
82,115,197,Pb,1.15,20,0.000001,32.4,1),602736.6787
82,115,197,Pb,1.15,20,0.000001,57.35,10),602736.6787
85,112,197,At,1.3,2,0.000001,310.7,2),533190.1389
82,115,197,Pb,1.15,20,0.000001,589,2),602736.6787
82,116,198,Pb,4.19,10,0.000001,317.9,2),165428.9214
82,117,199,Pb,10.1,2,0.000001,59.1,3),68628.43372
85,114,199,At,0.8,5,0.000001,162.9,2),866433.9757
80,121,201,Hg,94,2,0.000001,218.9,1),7373.906176
85,116,201,At,3.39,9,0.000001,269,,204468.1949
85,116,201,At,3.39,9,0.000001,339,,204468.1949
81,121,202,Tl,215,10,0.000001,286,,3223.940375
81,121,202,Tl,591,3,0.000001,459.72,7),1172.837869
78,124,202,Pt,141,7,0.000001,534.9,2),4915.937451
81,122,203,Tl,6.9,5,0.000001,5.7,5),100456.1131
79,124,203,Au,140,44,0.000001,78,3),4951.05129
77,126,203,Ir,0.8,35,0.000001,207,5),866433.9757
85,118,203,At,9.77,21,0.000001,285.8,2),70946.48726
81,122,203,Tl,6.9,5,0.000001,333.7,3),100456.1131
80,123,203,Hg,21.9,10,0.000001,341,5),31650.55619
85,118,203,At,9.77,21,0.000001,365.8,2),70946.48726
87,116,203,Fr,0.37,5,0.000001,426,1),1873370.758
82,122,204,Pb,0.45,7,0.000001,6.26,3),1540327.068
82,122,204,Pb,0.45,7,0.000001,78.54,8),1540327.068
81,123,204,Tl,2.6,2,0.000001,668.9,1),266595.0694
81,123,204,Tl,61.7,12,0.000001,690.1,1),11234.15204
79,125,204,Au,2.1,3,0.000001,976.6,5),330070.086
82,122,204,Pb,0.45,7,0.000001,990.4,2),1540327.068
78,126,204,Pt,5.5,7,0.000001,1123,1),126026.7601
83,122,205,Bi,7.9,7,0.000001,10.6,,87740.14944
82,123,205,Pb,24.2,4,0.000001,2.328,7),28642.44548
83,122,205,Bi,7.9,7,0.000001,24.9,2),87740.14944
85,120,205,At,7.76,14,0.000001,277.1,1),89323.09028
85,120,205,At,7.76,14,0.000001,403.6,1),89323.09028
83,122,205,Bi,7.9,7,0.000001,495.9,2),87740.14944
83,122,205,Bi,7.9,7,0.000001,624.8,1),87740.14944
80,125,205,Hg,5.89,18,0.000001,722.6,5),117682.0341
81,124,205,Tl,2.6,2,0.000001,739.16,10),266595.0694
80,125,205,Hg,5.89,18,0.000001,950.2,5),117682.0341
83,123,206,Bi,7.7,2,0.000001,59.908,18),90019.11436
84,122,206,Po,1.05,6,0.000001,61.766,19),660140.172
82,124,206,Pb,125,2,0.000001,202.44,3),5545.177444
82,124,206,Pb,125,2,0.000001,516.18,4),5545.177444
84,122,206,Po,1.05,6,0.000001,676.4,2),660140.172
83,123,206,Bi,27,2,0.000001,937.2,1),25672.1178
80,126,206,Hg,2.09,2,0.000001,1034.2,2),331649.3687
86,121,207,Rn,184.5,9,0.000001,234,1),3756.895288
84,123,207,Po,49,4,0.000001,300.648,13),14145.86083
83,124,207,Bi,182,6,0.000001,456.1,1),3808.500992
83,124,207,Bi,182,6,0.000001,743.3,15),3808.500992
81,127,208,Tl,1.3,1,0.000001,220.7,2),533190.1389
85,123,208,At,1.5,2,0.000001,472.2,,462098.1204
85,123,208,At,1.5,2,0.000001,750.9,,462098.1204
81,127,208,Tl,1.3,1,0.000001,1314,3),533190.1389
88,121,209,Ra,117,5,0.000001,238.4,5),5924.334877
86,123,209,Rn,13.4,13,0.000001,376.2,1),51727.40153
86,123,209,Rn,3,3,0.000001,479.3,1),231049.0602
85,124,209,At,0.893,32,0.000001,577.6,10),776200.6501
80,130,210,Hg,2.1,7,0.000001,20,,330070.086
88,122,210,Ra,2.1,1,0.000001,95.7,5),330070.086
85,125,210,At,5.66,7,0.000001,372.3,,122464.1662
86,124,210,Rn,1.04,7,0.000001,433,1),666487.6736
85,125,210,At,5.66,7,0.000001,485.2,,122464.1662
86,124,210,Rn,1.06,5,0.000001,564.3,1),653912.4345
86,124,210,Rn,1.04,7,0.000001,602.7,1),666487.6736
85,125,210,At,5.66,7,0.000001,611.8,,122464.1662
80,130,210,Hg,2.1,7,0.000001,663,,330070.086
85,125,210,At,5.66,7,0.000001,920.4,,122464.1662
83,128,211,Bi,1.4,3,0.000001,30,,495105.129
81,130,211,Tl,0.58,8,0.000001,144,1),1195081.346
88,123,211,Ra,9.4,4,0.000001,396.1,6),73739.06176
85,126,211,At,4.23,7,0.000001,435.2,2),163864.5817
84,127,211,Po,2.8,7,0.000001,508.6,5),247552.5645
88,124,212,Ra,0.85,13,0.000001,36.1,,815467.2712
86,126,212,Rn,0.91,3,0.000001,54.2,3),761700.1984
88,124,212,Ra,9.3,9,0.000001,63.3,20),74531.9549
87,125,212,Fr,23.6,21,0.000001,126,,29370.64324
87,125,212,Fr,31.9,7,0.000001,162,1),21728.75174
85,127,212,At,152,5,0.000001,224.2,,4560.178819
87,125,212,Fr,23.6,21,0.000001,278,,29370.64324
88,124,212,Ra,0.85,13,0.000001,504.9,2),815467.2712
88,124,212,Ra,0.85,13,0.000001,654.9,2),815467.2712
85,127,212,At,152,5,0.000001,1265.4,,4560.178819
86,127,213,Rn,1.36,7,0.000001,65.1,,509667.0445
82,131,213,Pb,0.26,2,0.000001,71,,2665950.694
87,126,213,Fr,3.1,2,0.000001,111.3,2),223595.8647
82,131,213,Pb,0.26,2,0.000001,190,,2665950.694
85,128,213,At,45,4,0.000001,306,,15403.27068
86,127,213,Rn,1.36,7,0.000001,330.1,,509667.0445
87,126,213,Fr,3.1,2,0.000001,371.2,2),223595.8647
81,132,213,Tl,4.1,5,0.000001,380,1),169060.2879
90,123,213,Th,8.3,82,0.000001,381,1),83511.7085
86,127,213,Rn,1.36,7,0.000001,522.7,,509667.0445
81,132,213,Tl,0.6,3,0.000001,698,1),1155245.301
90,124,214,Th,1.21,12,0.000001,89,2),572848.9096
88,127,215,Ra,1.39,7,0.000001,32.5,,498667.0364
88,127,215,Ra,7.29,20,0.000001,56.5,2),95081.91777
88,127,215,Ra,1.39,7,0.000001,193.1,2),498667.0364
88,127,215,Ra,1.39,7,0.000001,369.1,2),498667.0364
90,126,216,Th,0.74,7,0.000001,151.2,6),936685.3791
90,126,216,Th,0.58,3,0.000001,516.3,2),1195081.346
90,126,216,Th,0.58,3,0.000001,606.8,1),1195081.346
90,139,229,Th,7,10,0.000001,0.00812,11),99021.02579
88,143,231,Ra,53,,0.000001,66.2,1),13078.24869
92,142,234,U,33.5,20,0.000001,143.78,2),20690.96061
92,142,234,U,33.5,20,0.000001,159.48,2),20690.96061
92,142,234,U,33.5,20,0.000001,226.5,3),20690.96061
92,142,234,U,33.5,20,0.000001,249.22,1),20690.96061
92,142,234,U,33.5,20,0.000001,293.79,5),20690.96061
92,142,234,U,33.5,20,0.000001,295.91,8),20690.96061
92,142,234,U,33.5,20,0.000001,330.4,5),20690.96061
92,142,234,U,33.5,20,0.000001,351.9,1),20690.96061
92,142,234,U,33.5,20,0.000001,397.7,3),20690.96061
92,142,234,U,33.5,20,0.000001,458.68,5),20690.96061
92,142,234,U,33.5,20,0.000001,1125.2,1),20690.96061
92,142,234,U,33.5,20,0.000001,1277.7,2),20690.96061
94,142,236,Pu,1.2,3,0.000001,319.5,11),577622.6505
94,142,236,Pu,1.2,3,0.000001,879.7,2),577622.6505
94,142,236,Pu,1.2,3,0.000001,1037.8,2),577622.6505
93,144,237,Np,0.71,4,0.000001,640.4,3),976263.6346
93,144,237,Np,0.71,4,0.000001,675.6,4),976263.6346
93,144,237,Np,0.71,4,0.000001,719.2,2),976263.6346
93,144,237,Np,0.71,4,0.000001,753.6,2),976263.6346
93,144,237,Np,0.71,4,0.000001,786.8,2),976263.6346
93,144,237,Np,0.71,4,0.000001,815.3,2),976263.6346
92,147,239,U,0.78,4,0.000001,133.799,1),888650.2315
94,147,241,Pu,0.88,5,0.000001,161.685,1),787667.2506
96,147,243,Cm,1.08,3,0.000001,87.4,1),641802.945
94,149,243,Pu,0.33,3,0.000001,96.2,2),2100446.002
94,151,245,Pu,0.33,2,0.000001,0.47,,2100446.002
96,149,245,Cm,0.29,2,0.000001,103.1,1),2390162.692
96,151,247,Cm,26.3,3,0.000001,165.7,5),26355.4061
96,151,247,Cm,26.3,3,0.000001,227.38,2),26355.4061
98,151,249,Cf,45,5,0.000001,144.99,6),15403.27068
97,153,250,Bk,29,1,0.000001,1.12,,23901.62692
97,153,250,Bk,213,8,0.000001,6.1,,3254.212115
97,153,250,Bk,29,1,0.000001,35.59,,23901.62692
97,154,251,Bk,58,4,0.000001,35.5,,11950.81346
98,153,251,Cf,1.3,1,0.000001,45.2,1),533190.1389
98,153,251,Cf,1.3,1,0.000001,131.13,5),533190.1389
100,151,251,Fm,23,11,0.000001,200,1),30136.83394
98,153,251,Cf,1.3,1,0.000001,204.17,2),533190.1389
98,153,251,Cf,1.3,1,0.000001,264.15,3),533190.1389
100,153,253,Fm,0.56,6,0.000001,76.8,,1237762.822
100,153,253,Fm,0.56,6,0.000001,150.5,5),1237762.822
102,151,253,No,30.3,21,0.000001,167.5,5),22876.14457
102,152,254,No,184,2,0.000001,133.4,4),3767.104242
102,152,254,No,184,2,0.000001,312.4,4),3767.104242
102,153,255,No,109,9,0.000001,25,,6359.148446
102,153,255,No,1.2,2,0.000001,355,,577622.6505
102,153,255,No,77,6,0.000001,657,,9001.911436
104,153,257,Rf,106,6,0.000001,295.6,7),6539.124345
104,153,257,Rf,106,6,0.000001,446.8,7),6539.124345
104,153,257,Rf,106,6,0.000001,586.1,13),6539.124345